"";"elokuva";"katsojat";"vuosi";"levittaja";"enskari";"orignimi";"maa"
"1";"Eila, Rampe ja Likka";25324;"2014";"Nordisk Film Theatrical Distribution Oy";2014-12-26;"Eila, Rampe ja Likka";"SUOMI"
"2";"Päin seinää";22217;"2014";"FS Film Oy";2014-12-26;"Päin seinää";"SUOMI"
"3";"Aatsinki: The Story of Arctic Cowboys";838;"2014";"SUOMEN Elokuvakontakti R";2014-12-12;"Aatsinki: The Story of Arctic Cowboys";"USA-SUOMI"
"4";"Nightmare 2 - Painajainen jatkuu";68519;"2014";"FS Film Oy";2014-12-03;"Nightmare 2 - Painajainen jatkuu";"SUOMI"
"5";"Autolla Nepaliin - Unelmien elokuva";11080;"2014";"Black Lion Independent";2014-11-28;"Autolla Nepaliin - Unelmien elokuva";"SUOMI"
"6";"Tuulensieppaajat";466;"2014";"Pirkanmaan Elokuvakeskus";2014-11-21;"Tuulensieppaajat";"SUOMI"
"7";"Ruotsalainen hetki";2243;"2014";"B-Plan Distribution";2014-11-07;"Ruotsalainen hetki";"SUOMI"
"8";"Lomasankarit";47123;"2014";"Nordisk Film Theatrical Distribution Oy";2014-10-31;"Lomasankarit";"SUOMI"
"9";"He ovat paenneet";3093;"2014";"FS Film Oy";2014-10-17;"He ovat paenneet";"SUOMI"
"10";"Muumit Rivieralla";174193;"2014";"Nordisk Film Theatrical Distribution Oy";2014-10-10;"Muumit Rivieralla";"SUOMI-RANSKA"
"11";"Ulvilan murhamysteeri";2423;"2014";"First Floor Pro.";2014-10-03;"Ulvilan murhamysteeri";"SUOMI"
"12";"Vadelmavenepakolainen";110448;"2014";"Nordisk Film Theatrical Distribution Oy";2014-10-03;"Vadelmavenepakolainen";"SUOMI-RUOTSI"
"13";"Monsterimies";566;"2014";"Vl-Media";2014-09-26;"Monsterimies";"SUOMI"
"14";"Palsa";1793;"2014";"Isla Sales";2014-09-12;"Palsa";"SUOMI"
"15";"Shopping tour";590;"2014";"Black Lion Independent";2014-09-12;"Shoping-tur";"VENÄJÄ-SUOMI"
"16";"Brooklynin pojat";393;"2014";"Black Lion Independent";2014-09-05;"Brooklynin pojat";"SUOMI"
"17";"Mielensäpahoittaja";457334;"2014";"Nordisk Film Theatrical Distribution Oy";2014-09-05;"Mielensäpahoittaja";"SUOMI"
"18";"Aikuisten poika";12489;"2014";"FS Film Oy";2014-08-29;"Aikuisten poika";"SUOMI"
"19";"Kesäkaverit";129473;"2014";"Nordisk Film Theatrical Distribution Oy";2014-08-01;"Kesäkaverit";"SUOMI"
"20";"Koomikot";474;"2014";"Nordisk Film Theatrical Distribution Oy";2014-05-09;"The Clownvise";"SLOVAKIA-LUXEMBURG-TSEKKI-SUOMI"
"21";"Love & engineering - rakkauden insinöörit";554;"2014";"SUOMEN Elokuvakontakti R";2014-05-09;"Love & Engineering";"SUOMI-SAKSA"
"22";"Tolonen";1765;"2014";"Pirkanmaan Elokuvakeskus";2014-05-02;"Tolonen";"SUOMI"
"23";"Laulu";1131;"2014";"Black Lion Independent";2014-04-11;"Laulu";"SUOMI"
"24";"Romanssi";1350;"2014";"Vl-Media";2014-04-11;"Romanssi";"SUOMI"
"25";"Muutoksii";15958;"2014";"Pirkanmaan Elokuvakeskus";2014-04-04;"Muutoksii";"SUOMI"
"26";"Näin unta elämästä";2222;"2014";"Pirkanmaan Elokuvakeskus";2014-03-28;"Näin unta elämästä";"SUOMI"
"27";"Presidentintekijät";10692;"2014";"FS Film Oy";2014-03-14;"Presidentintekijät";"SUOMI"
"28";"Eedenistä pohjoiseen";14872;"2014";"Isla Sales";2014-03-07;"Eedenistä pohjoiseen";"SUOMI"
"29";"Korso";10789;"2014";"B-Plan Distribution";2014-02-28;"Korso";"SUOMI"
"30";"Kummeli V";178345;"2014";"Nordisk Film Theatrical Distribution Oy";2014-02-19;"Kummeli V";"SUOMI"
"31";"Isac Elliot - Dream Big The Movie";5982;"2014";"Isla Sales";2014-02-14;"Isac Elliot - Dream Big The Movie";"SUOMI"
"32";"Risto Räppääjä ja Liukas Lennart";265615;"2014";"The Walt Disney Company Nordic";2014-02-07;"Risto Räppääjä ja Liukas Lennart";"SUOMI"
"33";"Anselmi Nuori ihmissusi";4931;"2014";"Black Lion Independent";2014-01-24;"Anselmi Nuori ihmissusi";"SUOMI"
"34";"Onneli ja Anneli";177161;"2014";"Nordisk Film Theatrical Distribution Oy";2014-01-17;"Onneli ja Anneli";"SUOMI"
"35";"Ei Kiitos";127181;"2014";"FS Film Oy";2014-01-10;"Ei Kiitos";"SUOMI"
"36";"Ainoat oikeat";113284;"2013";"Nordisk Film Theatrical Distribution Oy";2013-12-27;"Ainoat oikeat";"SUOMI"
"37";"Ella ja kaverit 2 - Paterock";91983;"2013";"Snapper Films Distribution";2013-12-27;"Ella ja kaverit 2 - Paterock";"SUOMI"
"38";"Ajomies (65min)";393;"2013";"Pirkanmaan Elokuvakeskus";2013-12-06;"Ajomies (65min)";"SUOMI"
"39";"Isänmaallinen mies";34044;"2013";"Future Film";2013-12-04;"Isänmaallinen mies";"SUOMI"
"40";"LasseMajas detektivbyrå - Von Broms hemlighet";1356;"2013";"FS Film Oy";2013-11-22;"LasseMajas detektivbyrå - Von Broms hemlighet";"RUOTSI-SUOMI"
"41";"Nuoren Wertherin jäljillä";648;"2013";"FS Film Oy";2013-11-22;"Nuoren Wertherin jäljillä";"SUOMI"
"42";"Salpa";2415;"2013";"Black Lion Independent";2013-11-20;"Salpa";"SUOMI"
"43";"Kalevala - Uusi aika";5045;"2013";"Vl-Media";2013-11-15;"Kalevala - Uusi aika";"SUOMI"
"44";"Luciferin viimeinen elämä";183;"2013";"Pirkanmaan Elokuvakeskus";2013-11-08;"Luciferin viimeinen elämä";"SUOMI"
"45";"Betoniyö";10403;"2013";"Cinema Mondo Oy";2013-11-01;"Betoniyö";"SUOMI"
"46";"Leijonasydän";199206;"2013";"Scanbox Finland Oy";2013-10-18;"Leijonasydän";"SUOMI"
"47";"Poski poskea vasten";1596;"2013";"Pirkanmaan Elokuvakeskus";2013-10-18;"Mittsommernachtstango";"SAKSA-SUOMI"
"48";"Knucklebonehead";430;"2013";"Black Lion Independent";2013-10-11;"Knucklebonehead";"SUOMI"
"49";"Mieletön Elokuu";28592;"2013";"Nordisk Film Theatrical Distribution Oy";2013-10-04;"Mieletön Elokuu";"SUOMI"
"50";"Pioneer sukellus meren syvyyksiin";759;"2013";"Bio Rex Cinemas";2013-10-04;"Pioneer";"NORJA-SUOMI"
"51";"Oppipoika";13833;"2013";"Långfilm Productions Finland";2013-09-27;"Lärjungen";"SUOMI"
"52";"Selänne";130530;"2013";"FS Film Oy";2013-09-27;"Selänne";"SUOMI"
"53";"Silmäterä";2879;"2013";"Atlantic Film Oy";2013-09-20;"Silmäterä";"SUOMI"
"54";"Muisteja";4827;"2013";"Pirkanmaan Elokuvakeskus";2013-09-13;"Muisteja";"SUOMI"
"55";"Tumman veden päällä";87298;"2013";"Nordisk Film Theatrical Distribution Oy";2013-09-06;"Tumman veden päällä";"SUOMI"
"56";"Pahaa verta";301;"2013";"Black Lion Independent";2013-08-23;"Pahaa verta";"SUOMI"
"57";"Kekkonen tulee!";35122;"2013";"Nordisk Film Theatrical Distribution Oy";2013-08-16;"Kekkonen tulee!";"SUOMI"
"58";"Bekas";661;"2013";"FS Film Oy";2013-07-26;"Bekas";"RUOTSI-SUOMI"
"59";"American Vagabond";2052;"2013";"SUOMEN Elokuvakontakti R";2013-06-26;"American Vagabond";"SUOMI"
"60";"Mesenaatti";4854;"2013";"Pirkanmaan Elokuvakeskus";2013-06-14;"Mesenaatti";"SUOMI"
"61";"Pystyssä";1035;"2013";"Black Lion Independent";2013-05-24;"Pystyssä";"SUOMI"
"62";"Alaska Highway";4548;"2013";"FS Film Oy";2013-04-19;"Alaska Highway";"SUOMI"
"63";"Laulu koti-ikävästä";9525;"2013";"Pirkanmaan Elokuvakeskus";2013-04-05;"Laulu koti-ikävästä";"SUOMI"
"64";"Soundbreaker";393;"2013";"Pirkanmaan Elokuvakeskus";2013-03-22;"Soundbreaker";"SUOMI"
"65";"Hilton!";5981;"2013";"Nordisk Film Theatrical Distribution Oy";2013-03-15;"Hilton!";"SUOMI"
"66";"In The Darkroom: Pimennossa";341;"2013";"Pirkanmaan Elokuvakeskus";2013-03-15;"In The Darkroom";"SAKSAN LTV-SUOMI"
"67";"Kerron sinulle kaiken";9788;"2013";"Future Film";2013-03-08;"Kerron sinulle kaiken";"SUOMI"
"68";"Viru - tarinoita hotellista";1647;"2013";"Pirkanmaan Elokuvakeskus";2013-03-01;"Viru - tarinoita hotellista";"SUOMI-VIRO"
"69";"8-pallo";61936;"2013";"Nordisk Film Theatrical Distribution Oy";2013-02-22;"8-pallo";"SUOMI"
"70";"21 tapaa pilata avioliitto";403196;"2013";"Nordisk Film Theatrical Distribution Oy";2013-02-08;"21 tapaa pilata avioliitto";"SUOMI"
"71";"Kaikella Rakkaudella";16571;"2013";"The Walt Disney Company Nordic";2013-02-01;"Kaikella Rakkaudella";"SUOMI"
"72";"Rölli ja kultainen avain";204870;"2013";"Nordisk Film Theatrical Distribution Oy";2013-02-01;"Rölli ja kultainen avain";"SUOMI"
"73";"Tavarataivas";5478;"2013";"SUOMEN Elokuvakontakti R";2013-02-01;"Tavarataivas";"SUOMI"
"74";"Vuonna -85";165856;"2013";"The Walt Disney Company Nordic";2013-01-25;"Vuonna -85";"SUOMI"
"75";"Häätanssi";893;"2013";"Pirkanmaan Elokuvakeskus";2013-01-18;"Häätanssi";"SUOMI"
"76";"Kaappari";44846;"2013";"Nordisk Film Theatrical Distribution Oy";2013-01-18;"Kaappari";"SUOMI"
"77";"Miesten välisiä keskusteluja";455;"2013";"Pirkanmaan Elokuvakeskus";2013-01-04;"Miesten välisiä keskusteluja";"SUOMI"
"78";"Ella ja kaverit";130811;"2012";"Snapper Films Distribution";2012-12-28;"Ella ja kaverit";"SUOMI"
"79";"Juoppohullun päiväkirja";126362;"2012";"Scanbox Finland Oy";2012-12-28;"Juoppohullun päiväkirja";"SUOMI"
"80";"Metsän tarina";88812;"2012";"Nordisk Film Theatrical Distribution Oy";2012-12-28;"Metsän tarina";"SUOMI"
"81";"Rakkauden rasvaprosentti";42120;"2012";"Nordisk Film Theatrical Distribution Oy";2012-12-21;"Rakkauden rasvaprosentti";"SUOMI"
"82";"Nightmare - Painajainen merellä";125113;"2012";"FS Film Oy";2012-12-05;"Nightmare - Painajainen merellä";"SUOMI"
"83";"Robin";23731;"2012";"Nordisk Film Theatrical Distribution Oy";2012-12-05;"Robin";"SUOMI"
"84";"Call Girl";3987;"2012";"Nordisk Film Theatrical Distribution Oy";2012-11-23;"Call Girl";"RUOTSI-SUOMI-NORJA"
"85";"Imaginaerum";17946;"2012";"Nordisk Film Theatrical Distribution Oy";2012-11-23;"Imaginaerum";"KANADA-SUOMI"
"86";"Kummisetäni thaimorsian";1706;"2012";"Pirkanmaan Elokuvakeskus";2012-11-16;"Kummisetäni thaimorsian";"SUOMI"
"87";"Kaksi tarinaa rakkaudesta";5378;"2012";"Nordisk Film Theatrical Distribution Oy";2012-10-19;"Must Have Been Love";"NORJA-SUOMI"
"88";"Veden peili";1648;"2012";"Pirkanmaan Elokuvakeskus";2012-10-19;"Veden peili";"SUOMI"
"89";"Niko 2 - lentäjäveljekset";155045;"2012";"Nordisk Film Theatrical Distribution Oy";2012-10-12;"Niko 2 - lentäjäveljekset";"SUOMI"
"90";"Sinivalkoinen valhe";6430;"2012";"Future Film";2012-10-05;"Sinivalkoinen valhe";"SUOMI"
"91";"Vares - Pimeyden tango";69098;"2012";"Nordisk Film Theatrical Distribution Oy";2012-10-05;"Vares - Pimeyden tango";"SUOMI"
"92";"Kuningas Litmanen";29293;"2012";"FS Film Oy";2012-09-28;"Kuningas Litmanen";"SUOMI"
"93";"3 Simoa";9653;"2012";"Pirkanmaan Elokuvakeskus";2012-09-14;"3 Simoa";"SUOMI"
"94";"Puhdistus";210013;"2012";"Nordisk Film Theatrical Distribution Oy";2012-09-07;"Puhdistus";"SUOMI"
"95";"Käräjävuorentie";2770;"2012";"Black Lion Independent";2012-08-31;"Käräjävuorentie";"SUOMI"
"96";"Tie Pohjoiseen";265759;"2012";"FS Film Oy";2012-08-24;"Tie Pohjoiseen";"SUOMI"
"97";"Miss Farkku-Suomi";43520;"2012";"Nordisk Film Theatrical Distribution Oy";2012-08-03;"Miss Farkku-Suomi";"SUOMI"
"98";"Ja saapuu oikea yö";8313;"2012";"Scanbox Finland Oy";2012-07-13;"Ja saapuu oikea yö";"SUOMI"
"99";"Russian Libertine - Venäjän vapain mies";1416;"2012";"Atlantic Film Oy";2012-05-11;"Russian Libertine - Venäjän vapain mies";"SUOMI"
"100";"Kovasikajuttu";20055;"2012";"The Walt Disney Company Nordic";2012-05-04;"Kovasikajuttu";"SUOMI"
"101";"Iron Sky";181359;"2012";"The Walt Disney Company Nordic";2012-04-06;"Iron Sky";"SUOMI"
"102";"Rouva Presidentti";22599;"2012";"Scanbox Finland Oy";2012-03-30;"Rouva Presidentti";"SUOMI"
"103";"Saunavieras";132;"2012";"Pirkanmaan Elokuvakeskus";2012-03-23;"Saunavieras";"SUOMI"
"104";"Taistelu Näsilinnasta";15083;"2012";"FS Film Oy";2012-03-23;"Taistelu Näsilinnasta";"SUOMI"
"105";"Vares - Uhkapelimerkki";54172;"2012";"Nordisk Film Theatrical Distribution Oy";2012-03-16;"Vares - Uhkapelimerkki";"SUOMI"
"106";"Kohta 18";37271;"2012";"Nordisk Film Theatrical Distribution Oy";2012-03-09;"Kohta 18";"SUOMI"
"107";"Tähtitaivas talon yllä";18159;"2012";"Nordisk Film Theatrical Distribution Oy";2012-03-02;"Tähtitaivas talon yllä";"SUOMI"
"108";"Kulman pojat";56629;"2012";"Nordisk Film Theatrical Distribution Oy";2012-02-24;"Kulman pojat";"SUOMI"
"109";"Härmä";146455;"2012";"Finnkino Oy";2012-02-17;"Härmä";"SUOMI"
"110";"Risto Räppääjä ja Viileä Venla";309939;"2012";"Nordisk Film Theatrical Distribution Oy";2012-02-10;"Risto Räppääjä ja Viileä Venla";"SUOMI"
"111";"Vuosaari";95867;"2012";"The Walt Disney Company Nordic";2012-02-03;"Vuosaari";"SUOMI"
"112";"Hulluna Saraan";31263;"2012";"Nordisk Film Theatrical Distribution Oy";2012-01-27;"Hulluna Saraan";"SUOMI"
"113";"Säilöttyjä unelmia";5945;"2012";"FS Film Oy";2012-01-27;"Säilöttyjä unelmia";"SUOMI"
"114";"Rat King";6878;"2012";"Future Film";2012-01-20;"Rat King";"SUOMI"
"115";"Punaisen metsän hotelli";1385;"2012";"Pirkanmaan Elokuvakeskus";2012-01-13;"Punaisen metsän hotelli";"SUOMI"
"116";"Vares - Kaidan tien kulkijat";95166;"2012";"Nordisk Film Theatrical Distribution Oy";2012-01-06;"Vares - Kaidan tien kulkijat";"SUOMI"
"117";"Varasto";199533;"2011";"Nordisk Film Theatrical Distribution Oy";2011-12-30;"Varasto";"SUOMI"
"118";"Herra Heinämäki ja Leijonatuuliviiri";45491;"2011";"The Walt Disney Company Nordic";2011-12-23;"Herra Heinämäki ja Leijonatuuliviiri";"SUOMI"
"119";"Avain Italiaan";10665;"2011";"Nordisk Film Theatrical Distribution Oy";2011-12-16;"Avain Italiaan";"SUOMI-USA-ITALIA"
"120";"Hiljaisuus";32552;"2011";"The Walt Disney Company Nordic";2011-12-09;"Hiljaisuus";"SUOMI"
"121";"Risto";14307;"2011";"Scanbox Finland Oy";2011-11-25;"Risto";"SUOMI"
"122";"Maaginen kristalli";16865;"2011";"Future Film";2011-11-18;"Maaginen kristalli";"SUOMI-BELGIA"
"123";"Hiljaa toivotut";1062;"2011";"SUOMEN Elokuvakontakti R";2011-11-11;"Hiljaa toivotut";"SUOMI"
"124";"Ikuisesti sinun";4977;"2011";"Pirkanmaan Elokuvakeskus";2011-11-11;"Ikuisesti sinun";"SUOMI"
"125";"Där vi en gång gått";46219;"2011";"Scanbox Finland Oy";2011-10-28;"Där vi en gång gått";"SUOMI"
"126";"Kotirauha";38226;"2011";"Nordisk Film Theatrical Distribution Oy";2011-10-21;"Kotirauha";"SUOMI"
"127";"Syvälle salattu";32039;"2011";"Nordisk Film Theatrical Distribution Oy";2011-10-07;"Syvälle salattu";"SUOMI"
"128";"Matka Edeniin";1067;"2011";"Pirkanmaan Elokuvakeskus";2011-09-30;"Matka Edeniin";"SUOMI"
"129";"Likainen Pommi";7302;"2011";"FS Film Oy";2011-09-23;"Likainen Pommi";"SUOMI"
"130";"Ella & Aleksi - Yllätyssynttärit";9481;"2011";"Nordisk Film Theatrical Distribution Oy";2011-09-16;"Ella & Aleksi - Yllätyssynttärit";"SUOMI"
"131";"Le Havre";129219;"2011";"Future Film";2011-09-09;"Le Havre";"SUOMI-RANSKA-SAKSA"
"132";"Pussikaljaelokuva";79994;"2011";"Nordisk Film Theatrical Distribution Oy";2011-09-02;"Pussikaljaelokuva";"SUOMI"
"133";"Iris";16810;"2011";"Sandrew Metronome Dist.";2011-08-26;"Iris";"SUOMI"
"134";"Mama Africa";8702;"2011";"FS Film Oy";2011-08-12;"Mama Africa";"SAKSA-SUOMI"
"135";"Vares - Sukkanauhakäärme";88891;"2011";"Nordisk Film Theatrical Distribution Oy";2011-08-05;"Vares - Sukkanauhakäärme";"SUOMI"
"136";"Roskisprinssi";27759;"2011";"The Walt Disney Company Nordic";2011-07-29;"Roskisprinssi";"SUOMI"
"137";"Taistelu Turusta";1692;"2011";"Pirkanmaan Elokuvakeskus";2011-04-29;"Taistelu Turusta";"SUOMI"
"138";"Vares - Huhtikuun tytöt";78739;"2011";"Nordisk Film Theatrical Distribution Oy";2011-04-22;"Vares - Huhtikuun tytöt";"SUOMI"
"139";"Elokuu";39732;"2011";"Nordisk Film Theatrical Distribution Oy";2011-04-01;"Elokuu";"SUOMI"
"140";"Sinkkuelämän säännöt";3002;"2011";"Sandrew Metronome Dist.";2011-04-01;"Sinkkuelämän säännöt";"SUOMI"
"141";"Hyvä poika";10159;"2011";"The Walt Disney Company Nordic";2011-03-25;"Hyvä poika";"SUOMI"
"142";"Veljekset";3824;"2011";"FS Film Oy";2011-03-18;"Veljekset";"SUOMI"
"143";"Salla - Selling the Silence";831;"2011";"Pirkanmaan Elokuvakeskus";2011-03-11;"Salla - Selling the Silence";"SUOMI"
"144";"Sovinto";51944;"2011";"Nordisk Film Theatrical Distribution Oy";2011-03-11;"Svinalängorna";"RUOTSI-SUOMI"
"145";"Eetu ja konna";16427;"2011";"Finnkino Oy";2011-02-18;"Eetu ja konna";"SUOMI"
"146";"Tuntematon emäntä";17357;"2011";"Pirkanmaan Elokuvakeskus";2011-02-04;"Tuntematon emäntä";"SUOMI"
"147";"Hella W";85320;"2011";"Sandrew Metronome Dist.";2011-01-28;"Hella W";"SUOMI"
"148";"Vares - Pahan suudelma";204203;"2011";"Nordisk Film Theatrical Distribution Oy";2011-01-06;"Vares - Pahan suudelma";"SUOMI"
"149";"Veijarit";112294;"2010";"Nordisk Film Theatrical Distribution Oy";2010-12-25;"Veijarit";"SUOMI"
"150";"Rare Exports";251861;"2010";"FS Film Oy";2010-12-03;"Rare Exports";"SUOMI"
"151";"Sielunpelastajat";221;"2010";"Pirkanmaan Elokuvakeskus";2010-11-26;"Sielunpelastajat";"SUOMI"
"152";"ITO - kilvoittelijan päiväkirja";3201;"2010";"Cinema Mondo Oy";2010-11-12;"ITO - kilvoittelijan päiväkirja";"SUOMI"
"153";"Harjunpää ja pahan pappi";51179;"2010";"Nordisk Film Theatrical Distribution Oy";2010-10-29;"Harjunpää ja pahan pappi";"SUOMI"
"154";"Ruotsalainen avioliitto";10457;"2010";"Cinema Mondo Oy";2010-10-29;"Det enda rationella";"RUOTSI-SUOMI"
"155";"Napapiirin sankarit";384392;"2010";"Sandrew Metronome Dist.";2010-10-15;"Napapiirin sankarit";"SUOMI"
"156";"Täällä Pohjantähden Alla II";68489;"2010";"The Walt Disney Company Nordic";2010-09-24;"Täällä Pohjantähden Alla II";"SUOMI"
"157";"Prinsessa";297011;"2010";"Sandrew Metronome Dist.";2010-09-10;"Prinsessa";"SUOMI"
"158";"Vesku";37448;"2010";"FS Film Oy";2010-09-03;"Vesku";"SUOMI"
"159";"Sisko tahtoisin jäädä";137921;"2010";"Nordisk Film Theatrical Distribution Oy";2010-08-13;"Sisko tahtoisin jäädä";"SUOMI"
"160";"Muumi ja punainen pyrstötähti";35451;"2010";"FS Film Oy";2010-08-06;"Muumi ja punainen pyrstötähti";"SUOMI"
"161";"Vähän kunnioitusta";14662;"2010";"The Walt Disney Company Nordic";2010-06-11;"Vähän kunnioitusta";"SUOMI"
"162";"Rautaa rajan taa";306;"2010";"Finnkino Oy";2010-04-16;"Rautaa rajan taa";"SUOMI"
"163";"Reindeerspotting";63654;"2010";"Nordisk Film Theatrical Distribution Oy";2010-04-09;"Reindeerspotting";"SUOMI"
"164";"Miesten vuoro";49911;"2010";"Nordisk Film Theatrical Distribution Oy";2010-03-26;"Miesten vuoro";"SUOMI"
"165";"Tuomari Nurmio stadilaista tangoa etsimässä";975;"2010";"FS Film Oy";2010-03-19;"Tuomari Nurmio stadilaista tangoa etsimässä";"SUOMI"
"166";"Freetime Machos";1911;"2010";"Pirkanmaan Elokuvakeskus";2010-03-12;"Freetime Machos";"SUOMI"
"167";"Kohtaamisia";29381;"2010";"Nordisk Film Theatrical Distribution Oy";2010-03-05;"Kohtaamisia";"SUOMI"
"168";"Sukunsa viimeinen";1536;"2010";"Pirkanmaan Elokuvakeskus";2010-02-26;"Pudana – Last of the Line";"SUOMI"
"169";"Auf Wiedersehen Finnland";4220;"2010";"SUOMEN Elokuvakontakti R";2010-02-12;"Auf Wiedersehen Finnland";"SUOMI"
"170";"Risto Räppääjä ja polkupyörävaras";327638;"2010";"Nordisk Film Theatrical Distribution Oy";2010-02-12;"Risto Räppääjä ja polkupyörävaras";"SUOMI"
"171";"Paha perhe";15837;"2010";"Sandrew Metronome Dist.";2010-01-29;"Paha perhe";"SUOMI"
"172";"Jos rakastat";85562;"2010";"FS Film Oy";2010-01-08;"Jos rakastat";"SUOMI"
"173";"Havukka-ahon ajattelija";222797;"2009";"Nordisk Film Theatrical Distribution Oy";2009-12-15;"Havukka-ahon ajattelija";"SUOMI"
"174";"Mitä meistä tuli";5423;"2009";"Black Lion Independent";2009-12-11;"Mitä meistä tuli";"SUOMI"
"175";"Täällä Pohjantähden alla";166265;"2009";"The Walt Disney Company Nordic";2009-12-04;"Täällä Pohjantähden alla";"SUOMI"
"176";"Thomas";899;"2009";"Pirkanmaan Elokuvakeskus";2009-11-20;"Thomas";"SUOMI"
"177";"Pihalla";13599;"2009";"Sandrew Metronome Dist.";2009-10-23;"Pihalla";"SUOMI-SAKSA"
"178";"Magneettimies";1575;"2009";"Pirkanmaan Elokuvakeskus";2009-10-16;"Magneettimies";"SUOMI"
"179";"Väärät juuret";6519;"2009";"The Walt Disney Company Nordic";2009-10-09;"Väärät juuret";"SUOMI"
"180";"Kuulustelu";11728;"2009";"The Walt Disney Company Nordic";2009-09-25;"Kuulustelu";"SUOMI"
"181";"Kansakunnan olohuone";368;"2009";"Pirkanmaan Elokuvakeskus";2009-09-11;"Kansakunnan olohuone";"SUOMI"
"182";"Skavabölen pojat";46059;"2009";"FS Film Oy";2009-09-04;"Skavabölen pojat";"SUOMI"
"183";"Haarautuvan rakkauden talo";144776;"2009";"FS Film Oy";2009-08-21;"Haarautuvan rakkauden talo";"SUOMI"
"184";"Täynnä tarmoa";1389;"2009";"Bio Rex Cinemas";2009-05-01;"Täynnä tarmoa";"SUOMI"
"185";"Postia pappi Jaakobille";99481;"2009";"Nordisk Film Theatrical Distribution Oy";2009-04-03;"Postia pappi Jaakobille";"SUOMI"
"186";"Toinen jalka haudasta";12911;"2009";"Sandrew Metronome Dist.";2009-03-20;"Toinen jalka haudasta";"SUOMI"
"187";"Ralliraita";59034;"2009";"The Walt Disney Company Nordic";2009-02-27;"Ralliraita";"SUOMI"
"188";"Kielletty hedelmä";115904;"2009";"Sandrew Metronome Dist.";2009-02-13;"Kielletty hedelmä";"SUOMI"
"189";"Muukalainen";1961;"2009";"Sandrew Metronome Dist.";2009-01-30;"Muukalainen";"SUOMI"
"190";"Liikkumavara";130;"2009";"Pirkanmaan Elokuvakeskus";2009-01-23;"Liikkumavara";"SUOMI"
"191";"Maata meren alla";6717;"2009";"Sandrew Metronome Dist.";2009-01-23;"Maata meren alla";"SUOMI"
"192";"Rööperi";260020;"2009";"Nordisk Film Theatrical Distribution Oy";2009-01-09;"Rööperi";"SUOMI"
"193";"Blackout";54523;"2008";"FS Film Oy";2008-12-26;"Blackout";"SUOMI"
"194";"Putoavia enkeleitä";37414;"2008";"Sandrew Metronome Dist.";2008-12-05;"Putoavia enkeleitä";"SUOMI"
"195";"Kolme viisasta miestä";2987;"2008";"FS Film Oy";2008-11-14;"Kolme viisasta miestä";"SUOMI"
"196";"Ikuistetut hetket";17589;"2008";"Sandrew Metronome Dist.";2008-11-07;"Maria Larssons eviga ögonblick";"RUOTSI-TANSKA-SUOMI"
"197";"Sauna";21503;"2008";"Sandrew Metronome Dist.";2008-10-24;"Sauna";"SUOMI"
"198";"Niko - lentäjän poika";233664;"2008";"Nordisk Film Theatrical Distribution Oy";2008-10-10;"Niko - lentäjän poika";"SUOMI-IRLANTI-TANSKA-SAKSA"
"199";"Päätalo";117478;"2008";"Nordisk Film Theatrical Distribution Oy";2008-09-26;"Päätalo";"SUOMI"
"200";"Katastrofin aineksia";14463;"2008";"Finnkino Oy";2008-09-19;"RECIPES FOR DISASTER";"SUOMI"
"201";"Kummeli alivuokralainen";191996;"2008";"Nordisk Film Theatrical Distribution Oy";2008-09-12;"Kummeli alivuokralainen";"SUOMI"
"202";"Erottamattomat";23683;"2008";"Nordisk Film Theatrical Distribution Oy";2008-09-05;"Erottamattomat";"SUOMI"
"203";"Käsky";35744;"2008";"FS Film Oy";2008-08-29;"Käsky";"SUOMI"
"204";"Myrsky";112163;"2008";"The Walt Disney Company Nordic";2008-08-15;"Myrsky";"SUOMI"
"205";"Sonic Mirror";619;"2008";"Future Film";2008-04-25;"Sonic Mirror";"SVEITSI-SAKSA-SUOMI"
"206";"Muumi ja vaarallinen juhannus";20537;"2008";"FS Film Oy";2008-04-18;"Muumi ja vaarallinen juhannus";"SUOMI"
"207";"Punk - tauti joka ei tapa";2290;"2008";"Sandrew Metronome Dist.";2008-03-14;"Punk - tauti joka ei tapa";"SUOMI"
"208";"Pyhän kirjan varjo";2183;"2008";"FS Film Oy";2008-02-29;"Pyhän kirjan varjo";"SUOMI"
"209";"Risto Räppääjä";215880;"2008";"Nordisk Film Theatrical Distribution Oy";2008-02-15;"Risto Räppääjä";"SUOMI"
"210";"Dark Floors";16699;"2008";"Nordisk Film Theatrical Distribution Oy";2008-02-08;"Dark Floors";"SUOMI"
"211";"Kolmistaan";22036;"2008";"The Walt Disney Company Nordic";2008-02-01;"Kolmistaan";"SUOMI"
"212";"8 päivää ensi-iltaan";47591;"2008";"FS Film Oy";2008-01-25;"8 päivää ensi-iltaan";"SUOMI"
"213";"Tummien perhosten koti";115506;"2008";"Nordisk Film Theatrical Distribution Oy";2008-01-05;"Tummien perhosten koti";"SUOMI"
"214";"Sooloilua";186808;"2007";"Nordisk Film Theatrical Distribution Oy";2007-12-28;"Sooloilua";"SUOMI"
"215";"Röllin sydän";149715;"2007";"Nordisk Film Theatrical Distribution Oy";2007-12-14;"Röllin sydän";"SUOMI"
"216";"Tali-Ihantala 1944";191573;"2007";"The Walt Disney Company Nordic";2007-12-07;"Tali-Ihantala 1944";"SUOMI"
"217";"Raja 1918";87161;"2007";"FS Film Oy";2007-11-30;"Raja 1918";"SUOMI"
"218";"Joulutarina";283327;"2007";"Sandrew Metronome Dist.";2007-11-16;"Joulutarina";"SUOMI"
"219";"Family Meeting";3498;"2007";"FS Film Oy";2007-11-02;"Family Meeting";"SUOMI"
"220";"Musta jää";124127;"2007";"Sandrew Metronome Dist.";2007-10-19;"Musta jää";"SUOMI"
"221";"Georg Ots - Rakkaani";10596;"2007";"Nordisk Film Theatrical Distribution Oy";2007-10-12;"Georg";"VIRO-VENÄJÄ-SUOMI"
"222";"Ganes";174416;"2007";"FS Film Oy";2007-09-28;"Ganes";"SUOMI"
"223";"Lieksa!";57091;"2007";"The Walt Disney Company Nordic";2007-09-14;"Lieksa!";"SUOMI"
"224";"Colorado Avenue";57263;"2007";"Sandrew Metronome Dist.";2007-09-07;"Colorado Avenue";"SUOMI"
"225";"Uusi ihminen";20167;"2007";"Sandrew Metronome Dist.";2007-03-16;"Den Nya människan";"RUOTSI-SUOMI"
"226";"Aavan meren tällä puolen";10108;"2007";"FS Film Oy";2007-03-09;"Kid Svensk";"RUOTSI-SUOMI"
"227";"Yhden tähden hotelli";6375;"2007";"Sandrew Metronome Dist.";2007-03-02;"Yhden tähden hotelli";"SUOMI"
"228";"Miehen työ";48889;"2007";"Sandrew Metronome Dist.";2007-02-23;"Miehen työ";"SUOMI"
"229";"Suden vuosi";58017;"2007";"Nordisk Film Theatrical Distribution Oy";2007-02-02;"Suden vuosi";"SUOMI"
"230";"V2 Jäätynyt enkeli";193674;"2007";"The Walt Disney Company Nordic";2007-01-12;"V2 Jäätynyt enkeli";"SUOMI"
"231";"Rock´n Roll Never Dies";9859;"2006";"FS Film Oy";2006-12-22;"Rock´n Roll Never Dies";"SUOMI"
"232";"Suden arvoitus";106174;"2006";"Nordisk Film Theatrical Distribution Oy";2006-12-15;"Suden arvoitus";"SUOMI"
"233";"Valkoinen kaupunki";5873;"2006";"The Walt Disney Company Nordic";2006-11-17;"Valkoinen kaupunki";"SUOMI"
"234";"Restart";260;"2006";"Bio Rex Cinemas";2006-11-10;"Restart";"TSEKKI-SUOMI"
"235";"Kalteva torni";80007;"2006";"The Walt Disney Company Nordic";2006-10-20;"Kalteva torni";"SUOMI"
"236";"Jadesoturi";83201;"2006";"Sandrew Metronome Dist.";2006-10-13;"Jadesoturi";"SUOMI-KIINA-VIRO"
"237";"Ruokala Lokki";8513;"2006";"Sandrew Metronome Dist.";2006-09-29;"Kamome shokudo";"JAPANI-SUOMI"
"238";"Riisuttu mies";78707;"2006";"FS Film Oy";2006-09-15;"Riisuttu mies";"SUOMI"
"239";"Keisarin salaisuus";13080;"2006";"Finnkino Oy";2006-09-08;"Keisarin salaisuus";"SUOMI"
"240";"Onni von Sopanen";22580;"2006";"FS Film Oy";2006-08-11;"Onni von Sopanen";"SUOMI"
"241";"Brasileirinho";981;"2006";"Future Film";2006-07-21;"Brasileirinho";"SVEITSI-SUOMI-BRASILIA"
"242";"Elämä on I-ha-haa";760;"2006";"Kinoscreen Illusion";2006-04-07;"Vinnare och fölorare";"RUOTSI-SUOMI"
"243";"Duudsonit elokuva";32320;"2006";"FS Film Oy";2006-03-31;"The Dudesons Movie";"SUOMI"
"244";"Kenen joukoissa seisot";13717;"2006";"Sandrew Metronome Dist.";2006-03-17;"Kenen joukoissa seisot";"SUOMI"
"245";"Pavlovin koirat";1223;"2006";"Scanbox Finland Oy";2006-02-24;"Pavlovin koirat";"SUOMI"
"246";"Kummelin Jackpot";229701;"2006";"The Walt Disney Company Nordic";2006-02-17;"Jackpot";"SUOMI"
"247";"Saippuaprinssi";54366;"2006";"FS Film Oy";2006-02-10;"Saippuaprinssi";"SUOMI"
"248";"Laitakaupungin valot";38507;"2006";"Sandrew Metronome Dist.";2006-02-03;"Laitakaupungin valot";"SUOMI"
"249";"Unna ja Nuuk";56173;"2006";"FS Film Oy";2006-01-20;"Unna ja Nuuk";"SUOMI"
"250";"Matti";461665;"2006";"The Walt Disney Company Nordic";2006-01-13;"Matti";"SUOMI"
"251";"FC Venus";237784;"2005";"Nordisk Film Theatrical Distribution Oy";2005-12-30;"FC Venus";"SUOMI"
"252";"Lupaus";156019;"2005";"Nordisk Film Theatrical Distribution Oy";2005-12-02;"Lupaus";"SUOMI"
"253";"Pitkin tietä pieni lapsi";1866;"2005";"FS Film Oy";2005-11-18;"Pitkin tietä pieni lapsi";"SUOMI"
"254";"Tyttö sinä olet tähti";132104;"2005";"Finnkino Oy";2005-10-21;"Tyttö sinä olet tähti";"SUOMI"
"255";"Valo";52333;"2005";"FS Film Oy";2005-10-07;"Valo";"SUOMI"
"256";"Äideistä parhain";219020;"2005";"Nordisk Film Theatrical Distribution Oy";2005-09-30;"Äideistä parhain";"SUOMI"
"257";"Kaksipäisen kotkan varjossa";64946;"2005";"The Walt Disney Company Nordic";2005-09-09;"Kaksipäisen kotkan varjossa";"SUOMI"
"258";"Game Over";16449;"2005";"FS Film Oy";2005-08-26;"Game Over";"SUOMI"
"259";"Koti-ikävä";23523;"2005";"Finnkino Oy";2005-08-12;"Koti-ikävä";"SUOMI"
"260";"Paimenet";2884;"2005";"FS Film Oy";2005-03-18;"Paimenet";"SUOMI"
"261";"Sen edestään löytää";3402;"2005";"FS Film Oy";2005-03-04;"Sen edestään löytää";"SUOMI"
"262";"Honey Baby";814;"2005";"Future Film";2005-02-25;"Honey Baby";"SAKSA-SUOMI"
"263";"Eläville ja kuolleille";6096;"2005";"Sandrew Metronome Dist.";2005-02-18;"Eläville ja kuolleille";"SUOMI"
"264";"Onnen varjot";80049;"2005";"Nordisk Film Theatrical Distribution Oy";2005-02-11;"Onnen varjot";"SUOMI"
"265";"Kuuban valloittajat";1544;"2005";"FS Film Oy";2005-01-28;"Kuuban valloittajat";"SUOMI"
"266";"Paha maa";172016;"2005";"The Walt Disney Company Nordic";2005-01-14;"Paha maa";"SUOMI"
"267";"Keisarikunta";117693;"2004";"FS Film Oy";2004-12-25;"Harbour Brothers";"SUOMI"
"268";"Pelikaanimies";103899;"2004";"The Walt Disney Company Nordic";2004-12-17;"Pelikaanimies";"SUOMI"
"269";"RIOT ON";2032;"2004";"Sandrew Metronome Dist.";2004-11-12;"RIOT ON";"SUOMI"
"270";"V.O.I.T.K.A. - metsän veljet";393;"2004";"FS Film Oy";2004-10-29;"V.O.I.T.K.A. - metsän veljet";"SUOMI"
"271";"Kukkia ja sidontaa";24193;"2004";"Nordisk Film Theatrical Distribution Oy";2004-10-15;"Kukkia ja sidontaa";"SUOMI"
"272";"Melancholian 3 huonetta";7353;"2004";"Finnkino Oy";2004-10-08;"Melancholian 3 huonetta";"SUOMI"
"273";"Lapsia ja Aikuisia - Kuinka niitä tehdään?";54934;"2004";"FS Film Oy";2004-09-17;"Producing Adults";"SUOMI"
"274";"Uuno Turhapuro - This is My Life";145348;"2004";"Finnkino Oy";2004-09-10;"Uuno Turhapuro - This is my life";"SUOMI"
"275";"Juoksuhaudantie";101728;"2004";"FS Film Oy";2004-08-27;"Juoksuhaudantie";"SUOMI"
"276";"Ystäväni Henry";10650;"2004";"FS Film Oy";2004-08-20;"Ystäväni Henry";"SUOMI"
"277";"Vares";201134;"2004";"The Walt Disney Company Nordic";2004-07-23;"Vares";"SUOMI"
"278";"Joensuun Elli";4905;"2004";"FS Film Oy";2004-04-09;"Elli";"SUOMI"
"279";"Työväenluokka";1082;"2004";"FS Film Oy";2004-03-26;"Työväenluokka";"SUOMI"
"280";"Etulinjan edessä";94129;"2004";"The Walt Disney Company Nordic";2004-03-05;"Framom främsta linjen";"SUOMI"
"281";"Jumalan Morsian";1103;"2004";"FS Film Oy";2004-03-05;"A Bride of The Seventh Heaven";"SUOMI"
"282";"Koirankynnen leikkaaja";199634;"2004";"The Walt Disney Company Nordic";2004-02-13;"Koirankynnen leikkaaja";"SUOMI"
"283";"Isältä Pojalle";3390;"2004";"FS Film Oy";2004-02-06;"Father to Son";"SUOMI"
"284";"Levottomat 3";133767;"2004";"The Walt Disney Company Nordic";2004-01-16;"Levottomat 3";"SUOMI"
